GivenName;SurName;Description;Name;DisplayName;SamAccountName;UserPrincipalName
Kyösti;Kukkura;Kokki;Kyösti Kukkura;Kyösti Kukkura;kyosti.kukkura;kyosti.kukkura@firma.intra
Ohto;Öyhönen;Hallintopäällikkö;Ohto Öyhönen;Ohto Öyhönen;ohto.oyhonen;ohto.oyhonen@firma.intra
Tiina;Tuppura;Assistentti;Tiina Tuppura;Tiina Tuppura;tiina.tuppura;tiina.tuppura@firma.intra
Taisto;Turpa;Suunnittelija;Taisto Turpa;Taisto Turpa;taisto.turpa;taisto.turpa@firma.intra
Sanna;Salama;Kehitysjohtaja;Sanna Salama;Sanna Salama;sanna.salama;sanna.salama@firma.intra
Orvokki;Outosaari;Designer;Orvokki Outosaari;Orvokki Outosaari;orvokki.outosaari;orvokki.outosaari@firma.intra
